<?xml version="1.0" encoding="UTF-8"?>
<beans xmlns="http://www.springframework.org/schema/beans"
       xmlns:xsi="http://www.w3.org/2001/XMLSchema-instance"
       xmlns:context="http://www.springframework.org/schema/context"
       xmlns:mvc="http://www.springframework.org/schema/mvc"
       xsi:schemaLocation="
			http://www.springframework.org/schema/beans http://www.springframework.org/schema/beans/spring-beans.xsd
			http://www.springframework.org/schema/context http://www.springframework.org/schema/context/spring-context.xsd
			http://www.springframework.org/schema/mvc http://www.springframework.org/schema/mvc/spring-mvc.xsd">


    <import resource="classpath:applicationContext.xml"/>
    <!-- 0.开启注解扫描 -->
    <mvc:annotation-driven/>
    <context:component-scan base-package="com.xmg.p2p.mgr"/>

    <!-- 配置拦截器 -->
    <mvc:interceptors>
       <mvc:interceptor>
            <mvc:mapping path="/*"/>
            <mvc:exclude-mapping path="/login.do"/>
            <bean class="com.xmg.p2p.mgr.interceptor.CheckLoginInterceptor"/>
        </mvc:interceptor>
    </mvc:interceptors>
    <!--配置freeMarker的模板路径 -->
    <bean
            class="org.springframework.web.servlet.view.freemarker.FreeMarkerConfigurer">
        <!-- 配置freemarker的文件编码 -->
        <property name="defaultEncoding" value="UTF-8"/>
        <!-- 配置freemarker寻找模板的路径 -->
        <property name="templateLoaderPath" value="/WEB-INF/views/"/>
    </bean>

    <!--freemarker视图解析器 -->
    <bean id="viewResolver"
          class="org.springframework.web.servlet.view.freemarker.FreeMarkerViewResolver">
        <!-- 是否在model自动把session中的attribute导入进去; -->
        <property name="exposeSessionAttributes" value="true"/>
        <!-- 配置逻辑视图自动添加的后缀名 -->
        <property name="suffix" value=".ftl"/>
        <!-- 配置视图的输出HTML的contentType -->
        <property name="contentType" value="text/html;charset=UTF-8"/>
    </bean>

    <!--处理上传 -->
    <bean
            class="org.springframework.web.multipart.commons.CommonsMultipartResolver"
            id="multipartResolver">
        <property name="maxUploadSize" value="100000000"/>
    </bean>

</beans>
