<?xml version="1.0" encoding="UTF-8" ?>
<!DOCTYPE mapper PUBLIC "-//mybatis.org//DTD Mapper 3.0//EN" "http://mybatis.org/dtd/mybatis-3-mapper.dtd" >
<mapper namespace="com.xmg.p2p.base.mapper.AccountMapper">
    <resultMap id="BaseResultMap" type="com.xmg.p2p.base.domain.Account">
        <id column="id" property="id" jdbcType="BIGINT"/>
        <result column="version" property="version" jdbcType="INTEGER"/>
        <result column="tradePassword" property="tradePassword" jdbcType="VARCHAR"/>
        <result column="usableAmount" property="usableAmount" jdbcType="DECIMAL"/>
        <result column="freezedAmount" property="freezedAmount" jdbcType="DECIMAL"/>
        <result column="unReceiveInterest" property="unReceiveInterest" jdbcType="DECIMAL"/>
        <result column="unReceivePrincipal" property="unReceivePrincipal" jdbcType="DECIMAL"/>
        <result column="unReturnAmount" property="unReturnAmount" jdbcType="DECIMAL"/>
        <result column="remainBorrowLimit" property="remainBorrowLimit" jdbcType="DECIMAL"/>
        <result column="borrowLimit" property="borrowLimit" jdbcType="DECIMAL"/>
    </resultMap>
    <insert id="insert">
    insert into `account` (id,version, tradePassword, usableAmount,
      freezedAmount, unReceiveInterest, unReceivePrincipal, 
      unReturnAmount, remainBorrowLimit, borrowLimit
      )
    values (#{id},0, #{tradePassword,jdbcType=VARCHAR}, #{usableAmount,jdbcType=DECIMAL},
      #{freezedAmount,jdbcType=DECIMAL}, #{unReceiveInterest,jdbcType=DECIMAL}, #{unReceivePrincipal,jdbcType=DECIMAL}, 
      #{unReturnAmount,jdbcType=DECIMAL}, #{remainBorrowLimit,jdbcType=DECIMAL}, #{borrowLimit,jdbcType=DECIMAL}
      )
  </insert>
    <update id="updateByPrimaryKey">
    update `account`
    set version = version + 1,
      tradePassword = #{tradePassword,jdbcType=VARCHAR},
      usableAmount = #{usableAmount,jdbcType=DECIMAL},
      freezedAmount = #{freezedAmount,jdbcType=DECIMAL},
      unReceiveInterest = #{unReceiveInterest,jdbcType=DECIMAL},
      unReceivePrincipal = #{unReceivePrincipal,jdbcType=DECIMAL},
      unReturnAmount = #{unReturnAmount,jdbcType=DECIMAL},
      remainBorrowLimit = #{remainBorrowLimit,jdbcType=DECIMAL},
      borrowLimit = #{borrowLimit,jdbcType=DECIMAL}
    where id = #{id,jdbcType=BIGINT} AND version = #{version}
  </update>
    <select id="selectByPrimaryKey" resultMap="BaseResultMap">
    select id, version, tradePassword, usableAmount, freezedAmount, unReceiveInterest, 
    unReceivePrincipal, unReturnAmount, remainBorrowLimit, borrowLimit
    from `account`
    where id = #{id,jdbcType=BIGINT}
  </select>
</mapper>