<?xml version="1.0" encoding="UTF-8" ?>
<!DOCTYPE mapper PUBLIC "-//mybatis.org//DTD Mapper 3.0//EN" "http://mybatis.org/dtd/mybatis-3-mapper.dtd" >
<mapper namespace="com.xmg.p2p.base.mapper.LogininfoMapper">
    <resultMap id="BaseResultMap" type="com.xmg.p2p.base.domain.Logininfo">
        <id column="id" property="id" jdbcType="BIGINT"/>
        <result column="username" property="username" jdbcType="VARCHAR"/>
        <result column="password" property="password" jdbcType="VARCHAR"/>
        <result column="state" property="state" jdbcType="TINYINT"/>
        <result column="userType" property="userType" jdbcType="TINYINT"/>
    </resultMap>
    <insert id="insert" useGeneratedKeys="true" keyProperty="id">
    insert into `logininfo` (username, password, state,userType)
    values (#{username,jdbcType=VARCHAR}, #{password,jdbcType=VARCHAR}, #{state,jdbcType=TINYINT},#{userType})
  </insert>
    <update id="updateByPrimaryKey">
    update `logininfo`
    set username = #{username,jdbcType=VARCHAR},
      password = #{password,jdbcType=VARCHAR},
      state = #{state,jdbcType=TINYINT}
    where id = #{id,jdbcType=BIGINT}
  </update>
    <select id="selectByPrimaryKey" resultMap="BaseResultMap">
    select id, username, password, state,userType
    from `logininfo`
    where id = #{id,jdbcType=BIGINT}
  </select>

    <select id="getCountByUsername" resultType="int">
    select count(id)
    from `logininfo`
    where username = #{username}
    </select>
    <select id="getCountByUserType" resultType="int">
    select count(id)
    from `logininfo`
    where userType = #{userType}
    </select>
    <select id="checkLogin" resultMap="BaseResultMap">
     select id, username, password, state,userType
      from `logininfo`
      where username = #{username} and password = #{password} AND userType = #{userType}
    </select>

    <select id="queryAutoComplete" resultType="hashmap">
      select id, username from `logininfo`
      where username LIKE concat(#{keyword},'%')
    </select>
</mapper>