<?xml version="1.0" encoding="UTF-8" ?>
<!DOCTYPE mapper PUBLIC "-//mybatis.org//DTD Mapper 3.0//EN" "http://mybatis.org/dtd/mybatis-3-mapper.dtd" >
<mapper namespace="com.xmg.p2p.base.mapper.MailVerifyMapper">
    <resultMap id="BaseResultMap" type="com.xmg.p2p.base.domain.MailVerify">
        <id column="id" property="id" jdbcType="BIGINT"/>
        <result column="email" property="email" jdbcType="VARCHAR"/>
        <result column="userinfoId" property="userinfoId" jdbcType="BIGINT"/>
        <result column="sendTime" property="sendTime" jdbcType="TIMESTAMP"/>
        <result column="uuid" property="uuid" jdbcType="VARCHAR"/>
    </resultMap>
    <insert id="insert" useGeneratedKeys="true" keyProperty="id">
    insert into `mailverify` (email, userinfoId, sendTime,  uuid)
    values (#{email,jdbcType=VARCHAR}, #{userinfoId,jdbcType=BIGINT}, #{sendTime,jdbcType=TIMESTAMP}, 
      #{uuid,jdbcType=VARCHAR})
  </insert>
    <select id="selectByUUID" resultMap="BaseResultMap">
    select id, email, userinfoId, sendTime, uuid
    from `mailverify`
    where uuid = #{uuid,jdbcType=BIGINT}
  </select>
</mapper>