<?xml version="1.0" encoding="UTF-8" ?>
<!DOCTYPE mapper PUBLIC "-//mybatis.org//DTD Mapper 3.0//EN" "http://mybatis.org/dtd/mybatis-3-mapper.dtd" >
<mapper namespace="com.xmg.p2p.base.mapper.RealAuthMapper">
    <resultMap id="BaseResultMap" type="com.xmg.p2p.base.domain.RealAuth">
        <id column="id" property="id" jdbcType="BIGINT"/>
        <result column="realName" property="realName" jdbcType="VARCHAR"/>
        <result column="idNumber" property="idNumber" jdbcType="VARCHAR"/>
        <result column="sex" property="sex" jdbcType="TINYINT"/>
        <result column="bornDate" property="bornDate" jdbcType="VARCHAR"/>
        <result column="address" property="address" jdbcType="VARCHAR"/>
        <result column="image1" property="image1" jdbcType="VARCHAR"/>
        <result column="image2" property="image2" jdbcType="VARCHAR"/>
        <result column="state" property="state" jdbcType="TINYINT"/>
        <result column="remark" property="remark" jdbcType="VARCHAR"/>
        <result column="applyTime" property="applyTime" jdbcType="TIMESTAMP"/>
        <result column="auditTime" property="auditTime" jdbcType="TIMESTAMP"/>

        <association property="applier" javaType="com.xmg.p2p.base.domain.Logininfo" columnPrefix="ap_">
            <id property="id" column="id"/>
            <result property="username" column="username"/>
        </association>
        <association property="auditor" javaType="com.xmg.p2p.base.domain.Logininfo" columnPrefix="au_">
            <id property="id" column="id"/>
            <result property="username" column="username"/>
        </association>

    </resultMap>
    <insert id="insert" useGeneratedKeys="true" keyProperty="id">
    insert into `realauth` (realName, idNumber, sex, 
      bornDate, address, image1, 
      image2, state, remark, 
      applyTime, auditTime, applier_id, 
      auditor_id)
    values (#{realName,jdbcType=VARCHAR}, #{idNumber,jdbcType=VARCHAR}, #{sex,jdbcType=TINYINT}, 
      #{bornDate,jdbcType=VARCHAR}, #{address,jdbcType=VARCHAR}, #{image1,jdbcType=VARCHAR}, 
      #{image2,jdbcType=VARCHAR}, #{state,jdbcType=TINYINT}, #{remark,jdbcType=VARCHAR}, 
      #{applyTime,jdbcType=TIMESTAMP}, #{auditTime,jdbcType=TIMESTAMP}, #{applier.id,jdbcType=BIGINT},
      #{auditor.id,jdbcType=BIGINT})
  </insert>
    <update id="updateByPrimaryKey">
    update `realauth`
    set realName = #{realName,jdbcType=VARCHAR},
      idNumber = #{idNumber,jdbcType=VARCHAR},
      sex = #{sex,jdbcType=TINYINT},
      bornDate = #{bornDate,jdbcType=VARCHAR},
      address = #{address,jdbcType=VARCHAR},
      image1 = #{image1,jdbcType=VARCHAR},
      image2 = #{image2,jdbcType=VARCHAR},
      state = #{state,jdbcType=TINYINT},
      remark = #{remark,jdbcType=VARCHAR},
      applyTime = #{applyTime,jdbcType=TIMESTAMP},
      auditTime = #{auditTime,jdbcType=TIMESTAMP},
      applier_id = #{applier.id,jdbcType=BIGINT},
      auditor_id = #{auditor.id,jdbcType=BIGINT}
    where id = #{id,jdbcType=BIGINT}
  </update>
    <select id="selectByPrimaryKey" resultMap="BaseResultMap">
        select
        <include refid="base_column"/>
        from
        <include refid="base_table"/>
        where r.id = #{id}
    </select>

    <sql id="base_column">
        r.id, r.realName, r.idNumber, r.sex, r.bornDate, r.address, r.image1, r.image2, r.state, r.remark,
        r.applyTime, r.auditTime,
        ap.id as ap_id,ap.username as ap_username,au.id as au_id, au.username as au_username
    </sql>
    <sql id="base_table">
        `realauth` r JOIN logininfo ap ON r.applier_id = ap.id LEFT JOIN logininfo au ON r.auditor_id = au.id
    </sql>
    <sql id="base_where">
        <where>
            <if test="state>=0">
                AND r.state= #{state}
            </if>
            <if test="beginDate!=null">
                AND r.applyTime >= #{beginDate}
            </if>
            <if test="endDate!=null">
                AND r.applyTime &lt;= #{endDate}
            </if>
        </where>
    </sql>

    <select id="query" resultMap="BaseResultMap">
        SELECT
        <include refid="base_column"/>
        FROM
        <include refid="base_table"/>
        <include refid="base_where"/>
        LIMIT #{start},#{pageSize}
    </select>


    <select id="queryForCount" resultType="int">
        SELECT count(r.id)
        FROM
        <include refid="base_table"/>
        <include refid="base_where"/>
    </select>
</mapper>