<?xml version="1.0" encoding="UTF-8" ?>
<!DOCTYPE mapper PUBLIC "-//mybatis.org//DTD Mapper 3.0//EN" "http://mybatis.org/dtd/mybatis-3-mapper.dtd" >
<mapper namespace="com.xmg.p2p.base.mapper.SystemDictionaryItemMapper">
    <resultMap id="BaseResultMap" type="com.xmg.p2p.base.domain.SystemDictionaryItem">
        <id column="id" property="id" jdbcType="BIGINT"/>
        <result column="parentId" property="parentId" jdbcType="BIGINT"/>
        <result column="title" property="title" jdbcType="VARCHAR"/>
        <result column="sequence" property="sequence" jdbcType="TINYINT"/>
    </resultMap>
    <insert id="insert" useGeneratedKeys="true" keyProperty="id">
    insert into `systemdictionaryitem` (parentId, title, sequence
      )
    values (#{parentId,jdbcType=BIGINT}, #{title,jdbcType=VARCHAR}, #{sequence,jdbcType=TINYINT}
      )
  </insert>
    <update id="updateByPrimaryKey">
    update `systemdictionaryitem`
    set parentId = #{parentId,jdbcType=BIGINT},
      title = #{title,jdbcType=VARCHAR},
      sequence = #{sequence,jdbcType=TINYINT}
    where id = #{id,jdbcType=BIGINT}
  </update>
    <select id="selectByPrimaryKey" resultMap="BaseResultMap">
      select id, parentId, title, sequence
      from `systemdictionaryitem`
      where id = #{id,jdbcType=BIGINT}
  </select>
    <sql id="base_where">
        <where>
            <if test="keyword!=null">
                AND (item.sn LIKE concat('%',#{keyword},'%') OR item.name LIKE concat('%',#{keyword},'%'))
            </if>
            <if test="parentId!=-1">
                AND item.parentId = #{parentId}
            </if>
        </where>
    </sql>
    <select id="query" resultMap="BaseResultMap">
        select item.id, item.parentId, item.title, item.sequence
        from `systemdictionaryitem` item
        <include refid="base_where"/>
        limit #{start},#{pageSize}
    </select>

    <select id="queryForCount" resultType="int">
        select count(item.id)
        from `systemdictionaryitem` item
        <include refid="base_where"/>
    </select>

    <select id="listItemsByDicSn" resultMap="BaseResultMap">
         select item.id, item.parentId, item.title, item.sequence
         from `systemdictionaryitem` item JOIN systemdictionary sd
         where sd.id = item.parentId AND sd.sn = #{systemDictionarySn}
    </select>
</mapper>