<?xml version="1.0" encoding="UTF-8" ?>
<!DOCTYPE mapper PUBLIC "-//mybatis.org//DTD Mapper 3.0//EN" "http://mybatis.org/dtd/mybatis-3-mapper.dtd" >
<mapper namespace="com.xmg.p2p.base.mapper.SystemDictionaryMapper">
    <resultMap id="BaseResultMap" type="com.xmg.p2p.base.domain.SystemDictionary">
        <id column="id" property="id" jdbcType="BIGINT"/>
        <result column="sn" property="sn" jdbcType="VARCHAR"/>
        <result column="title" property="title" jdbcType="VARCHAR"/>
    </resultMap>
    <insert id="insert" useGeneratedKeys="true"
            keyProperty="id">
    insert into `systemdictionary` (sn, title)
    values (#{sn,jdbcType=VARCHAR}, #{title,jdbcType=VARCHAR})
  </insert>
    <update id="updateByPrimaryKey">
    update `systemdictionary`
    set sn = #{sn,jdbcType=VARCHAR},
      title = #{title,jdbcType=VARCHAR}
    where id = #{id,jdbcType=BIGINT}
  </update>
    <select id="selectByPrimaryKey" resultMap="BaseResultMap">
    select id, sn, title
    from `systemdictionary`
    where id = #{id,jdbcType=BIGINT}
  </select>
    <select id="selectAll" resultMap="BaseResultMap">
    select id, sn, title
    from `systemdictionary`
  </select>
    <sql id="base_where">
        <if test="keyword!=null">
            WHERE title LIKE concat('%',#{keyword},'%') OR sn LIKE concat('%',#{keyword},'%')
        </if>
    </sql>
    <select id="queryForCount" resultType="int">
        select count(id)
        from `systemdictionary`
        <include refid="base_where"/>
    </select>
    <select id="query" resultMap="BaseResultMap">
        select id, sn, title
        from `systemdictionary`
        <include refid="base_where"/>
        LIMIT #{start},#{pageSize}
    </select>
</mapper>