<?xml version="1.0" encoding="UTF-8" ?>
<!DOCTYPE mapper PUBLIC "-//mybatis.org//DTD Mapper 3.0//EN" "http://mybatis.org/dtd/mybatis-3-mapper.dtd" >
<mapper namespace="com.xmg.p2p.base.mapper.UserinfoMapper">
    <resultMap id="BaseResultMap" type="com.xmg.p2p.base.domain.Userinfo">
        <id column="id" property="id" jdbcType="BIGINT"/>
        <result column="version" property="version" jdbcType="INTEGER"/>
        <result column="bitState" property="bitState" jdbcType="BIGINT"/>
        <result column="realName" property="realName" jdbcType="VARCHAR"/>
        <result column="idNumber" property="idNumber" jdbcType="VARCHAR"/>
        <result column="phoneNumber" property="phoneNumber" jdbcType="VARCHAR"/>
        <result column="email" property="email" jdbcType="VARCHAR"/>
        <result column="score" property="score" jdbcType="INTEGER"/>
        <result column="realAuthId" property="realAuthId" jdbcType="BIGINT"/>

        <association property="incomeGrade" column="incomeGrade_id" javaType="com.xmg.p2p.base.mapper.AccountMapper"
                     select="com.xmg.p2p.base.mapper.SystemDictionaryItemMapper.selectByPrimaryKey"/>

        <association property="marriage" column="marriage_id" javaType="com.xmg.p2p.base.mapper.AccountMapper"
                     select="com.xmg.p2p.base.mapper.SystemDictionaryItemMapper.selectByPrimaryKey"/>

        <association property="kidCount" column="kidCount_id" javaType="com.xmg.p2p.base.mapper.AccountMapper"
                     select="com.xmg.p2p.base.mapper.SystemDictionaryItemMapper.selectByPrimaryKey"/>

        <association property="educationBackground" column="educationBackground_id"
                     javaType="com.xmg.p2p.base.mapper.AccountMapper"
                     select="com.xmg.p2p.base.mapper.SystemDictionaryItemMapper.selectByPrimaryKey"/>

        <association property="houseCondition" column="houseCondition_id"
                     javaType="com.xmg.p2p.base.mapper.AccountMapper"
                     select="com.xmg.p2p.base.mapper.SystemDictionaryItemMapper.selectByPrimaryKey"/>
    </resultMap>
    <insert id="insert">
    insert into `userinfo` (id,version, bitState, realName,
      idNumber, phoneNumber, email, score,realAuthId,
      incomeGrade_id, marriage_id, kidCount_id, 
      educationBackground_id, houseCondition_id)
    values (#{id},0, #{bitState,jdbcType=BIGINT}, #{realName,jdbcType=VARCHAR},
      #{idNumber,jdbcType=VARCHAR}, #{phoneNumber,jdbcType=VARCHAR}, #{email,jdbcType=VARCHAR},#{score},#{realAuthId},
      #{incomeGrade.id,jdbcType=BIGINT}, #{marriage.id,jdbcType=BIGINT}, #{kidCount.id,jdbcType=BIGINT}, 
      #{educationBackground.id,jdbcType=BIGINT}, #{houseCondition.id,jdbcType=BIGINT})
  </insert>
    <update id="updateByPrimaryKey">
    update `userinfo`
    set version = version + 1,
      bitState = #{bitState,jdbcType=BIGINT},
      realName = #{realName,jdbcType=VARCHAR},
      idNumber = #{idNumber,jdbcType=VARCHAR},
      phoneNumber = #{phoneNumber,jdbcType=VARCHAR},
      email = #{email,jdbcType=VARCHAR},
      score = #{score},
      realAuthId = #{realAuthId},
      incomeGrade_id = #{incomeGrade.id,jdbcType=BIGINT},
      marriage_id = #{marriage.id,jdbcType=BIGINT},
      kidCount_id = #{kidCount.id,jdbcType=BIGINT},
      educationBackground_id = #{educationBackground.id,jdbcType=BIGINT},
      houseCondition_id = #{houseCondition.id,jdbcType=BIGINT}
    where id = #{id,jdbcType=BIGINT} AND version = #{version}
  </update>
    <select id="selectByPrimaryKey" resultMap="BaseResultMap">
      select id, version, bitState, realName, idNumber, phoneNumber, email,score,realAuthId,
    incomeGrade_id,marriage_id, kidCount_id, educationBackground_id, houseCondition_id
    from `userinfo`
    where id = #{id,jdbcType=BIGINT}
  </select>
</mapper>