<?xml version="1.0" encoding="UTF-8" ?>
<!DOCTYPE mapper PUBLIC "-//mybatis.org//DTD Mapper 3.0//EN" "http://mybatis.org/dtd/mybatis-3-mapper.dtd" >
<mapper namespace="com.xmg.p2p.base.mapper.UserFileMapper">
    <resultMap id="BaseResultMap" type="com.xmg.p2p.base.domain.UserFile">
        <id column="id" property="id" jdbcType="BIGINT"/>
        <result column="state" property="state" jdbcType="TINYINT"/>
        <result column="remark" property="remark" jdbcType="VARCHAR"/>
        <result column="auditTime" property="auditTime" jdbcType="TIMESTAMP"/>
        <result column="applyTime" property="applyTime" jdbcType="TIMESTAMP"/>
        <result column="score" property="score" jdbcType="TINYINT"/>
        <result column="image" property="image" jdbcType="VARCHAR"/>

        <association property="applier" javaType="com.xmg.p2p.base.domain.Logininfo" columnPrefix="ap_">
            <id property="id" column="id"/>
            <result property="username" column="username"/>
        </association>
        <association property="auditor" javaType="com.xmg.p2p.base.domain.Logininfo" columnPrefix="au_">
            <id property="id" column="id"/>
            <result property="username" column="username"/>
        </association>
        <association property="fileType" javaType="com.xmg.p2p.base.domain.SystemDictionaryItem" columnPrefix="ft_">
            <id property="id" column="id"/>
            <result property="title" column="title"/>
        </association>
    </resultMap>
    <insert id="insert" useGeneratedKeys="true" keyProperty="id">
    insert into `userfile` (state, remark, auditTime,  applyTime, auditor_id, applier_id,score, image, fileType_id)
    values (
      #{state,jdbcType=TINYINT}, #{remark,jdbcType=VARCHAR}, #{auditTime,jdbcType=TIMESTAMP},
      #{applyTime,jdbcType=TIMESTAMP}, #{auditor.id,jdbcType=BIGINT}, #{applier.id,jdbcType=BIGINT}, 
      #{score,jdbcType=TINYINT}, #{image,jdbcType=VARCHAR}, #{fileType.id,jdbcType=BIGINT}
    )
  </insert>
    <update id="updateByPrimaryKey">
    update `userfile`
    set state = #{state,jdbcType=TINYINT},
      remark = #{remark,jdbcType=VARCHAR},
      auditTime = #{auditTime,jdbcType=TIMESTAMP},
      applyTime = #{applyTime,jdbcType=TIMESTAMP},
      auditor_id = #{auditor.id,jdbcType=BIGINT},
      applier_id = #{applier.id,jdbcType=BIGINT},
      score = #{score,jdbcType=TINYINT},
      image = #{image,jdbcType=VARCHAR},
      fileType_id = #{fileType.id,jdbcType=BIGINT}
    where id = #{id,jdbcType=BIGINT}
  </update>

    <sql id="base_column">
        f.id, f.state, f.remark, f.auditTime, f.applyTime, f.score, f.image,
        ap.id as ap_id ,ap.username as ap_username,
        au.id as au_id ,au.username as au_username,
        ft.id as ft_id ,ft.title as ft_title
    </sql>

    <sql id="base_table">
        userfile f  JOIN logininfo ap ON f.applier_id = ap.id
                    LEFT JOIN  logininfo au ON f.auditor_id = au.id
                    LEFT  JOIN systemdictionaryitem ft ON f.fileType_id = ft.id
    </sql>

    <sql id="base_where">
        <where>
            <if test="state>=0">
                AND f.state= #{state}
            </if>
            <if test="beginDate!=null">
                AND f.applyTime >= #{beginDate}
            </if>
            <if test="endDate!=null">
                AND f.applyTime &lt;= #{endDate}
            </if>
            <if test="userinfoId>0">
                AND f.applier_id = #{userinfoId}
            </if>
            AND f.fileType_id IS NOT NULL
        </where>
    </sql>

    <select id="selectByPrimaryKey" resultMap="BaseResultMap">
        select
        <include refid="base_column"/>
        from
        <include refid="base_table"/>
        where f.id = #{id}
    </select>

    <select id="listUserFiles" resultMap="BaseResultMap">
        select
        <include refid="base_column"/>
        from
        <include refid="base_table"/>
        where f.applier_id = #{userId}
        <if test="choice">
            AND f.fileType_id IS NOT NULL
        </if>
        <if test="!choice">
            AND f.fileType_id IS NULL
        </if>
    </select>

    <select id="query" resultMap="BaseResultMap">
        select
        <include refid="base_column"/>
        from
        <include refid="base_table"/>
        <include refid="base_where"/>
        <if test="pageSize>0">
            LIMIT #{start},#{pageSize}
        </if>
    </select>

    <select id="queryForCount" resultType="int">
        select
        count(f.id)
        from
        <include refid="base_table"/>
        <include refid="base_where"/>
    </select>
</mapper>