<?xml version="1.0" encoding="UTF-8" ?>
<!DOCTYPE mapper PUBLIC "-//mybatis.org//DTD Mapper 3.0//EN" "http://mybatis.org/dtd/mybatis-3-mapper.dtd" >
<mapper namespace="com.xmg.p2p.base.mapper.VideoAuthMapper">
    <resultMap id="BaseResultMap" type="com.xmg.p2p.base.domain.VideoAuth">
        <id column="id" property="id" jdbcType="BIGINT"/>
        <result column="state" property="state" jdbcType="TINYINT"/>
        <result column="remark" property="remark" jdbcType="VARCHAR"/>
        <result column="auditTime" property="auditTime" jdbcType="TIMESTAMP"/>
        <result column="applyTime" property="applyTime" jdbcType="TIMESTAMP"/>
        <association property="applier" javaType="com.xmg.p2p.base.domain.Logininfo" columnPrefix="ap_">
            <id property="id" column="id"/>
            <result property="username" column="username"/>
        </association>
        <association property="auditor" javaType="com.xmg.p2p.base.domain.Logininfo" columnPrefix="au_">
            <id property="id" column="id"/>
            <result property="username" column="username"/>
        </association>
    </resultMap>
    <insert id="insert" useGeneratedKeys="true" keyProperty="id">
        insert into `videoauth` (state, remark, auditTime, applyTime, auditor_id, applier_id)
        values (#{state,jdbcType=TINYINT}, #{remark,jdbcType=VARCHAR}, #{auditTime,jdbcType=TIMESTAMP},
        #{applyTime,jdbcType=TIMESTAMP}, #{auditor.id,jdbcType=BIGINT}, #{applier.id,jdbcType=BIGINT})
    </insert>

    <sql id="base_column">
        v.id, v.state, v.remark,v.applyTime, v.auditTime,
        ap.id as ap_id, ap.username as ap_username,
        au.id as au_id, au.username as au_username
    </sql>

    <sql id="base_table">
        `videoauth` v JOIN logininfo ap ON v.applier_id = ap.id LEFT JOIN logininfo au ON v.auditor_id = au.id
    </sql>
    <sql id="base_where">
        <where>
            <if test="state>=0">
                AND v.state= #{state}
            </if>
            <if test="beginDate!=null">
                AND v.applyTime >= #{beginDate}
            </if>
            <if test="endDate!=null">
                AND v.applyTime &lt;= #{endDate}
            </if>
        </where>
    </sql>

    <select id="selectByPrimaryKey" resultMap="BaseResultMap">
        select
        <include refid="base_column"/>
        from
        <include refid="base_table"/>
        where v.id = #{id}
    </select>

    <select id="query" resultMap="BaseResultMap">
        select
        <include refid="base_column"/>
        from
        <include refid="base_table"/>
        <include refid="base_where"/>
        limit #{start},#{pageSize}
    </select>

    <select id="queryForCount" resultType="int">
        select count(v.id)
        from
        <include refid="base_table"/>
        <include refid="base_where"/>
    </select>
</mapper>