<?xml version="1.0" encoding="UTF-8" ?>
<!DOCTYPE mapper PUBLIC "-//mybatis.org//DTD Mapper 3.0//EN" "http://mybatis.org/dtd/mybatis-3-mapper.dtd" >
<mapper namespace="com.xmg.p2p.business.mapper.BidMapper">
    <resultMap id="BaseResultMap" type="Bid">
        <id column="id" property="id" jdbcType="BIGINT"/>
        <result column="actualRate" property="actualRate" jdbcType="DECIMAL"/>
        <result column="availableAmount" property="availableAmount" jdbcType="DECIMAL"/>
        <result column="bidRequest_id" property="bidRequestId" jdbcType="BIGINT"/>
        <result column="bidTime" property="bidTime" jdbcType="TIMESTAMP"/>
        <result column="bidRequestTitle" property="bidRequestTitle" jdbcType="VARCHAR"/>
        <result column="bidRequestState" property="bidRequestState" jdbcType="TINYINT"/>

        <association property="bidUser" javaType="Logininfo" columnPrefix="bu_">
            <id property="id" column="id"/>
            <result property="username" column="username"/>
        </association>
    </resultMap>

    <insert id="insert" useGeneratedKeys="true" keyProperty="id">
    insert into `bid` (actualRate, availableAmount, bidRequest_id, 
      bidUser_id, bidTime, bidRequestTitle, 
      bidRequestState)
    values (#{actualRate,jdbcType=DECIMAL}, #{availableAmount,jdbcType=DECIMAL}, #{bidRequestId,jdbcType=BIGINT}, 
      #{bidUser.id,jdbcType=BIGINT}, #{bidTime,jdbcType=TIMESTAMP}, #{bidRequestTitle,jdbcType=VARCHAR}, 
      #{bidRequestState,jdbcType=TINYINT})
  </insert>

    <update id="updateByPrimaryKey">
    update `bid`
    set actualRate = #{actualRate,jdbcType=DECIMAL},
      availableAmount = #{availableAmount,jdbcType=DECIMAL},
      bidRequest_id = #{bidRequestId,jdbcType=BIGINT},
      bidUser_id = #{bidUser.id,jdbcType=BIGINT},
      bidTime = #{bidTime,jdbcType=TIMESTAMP},
      bidRequestTitle = #{bidRequestTitle,jdbcType=VARCHAR},
      bidRequestState = #{bidRequestState,jdbcType=TINYINT}
    where id = #{id,jdbcType=BIGINT}
  </update>

    <select id="selectByPrimaryKey" resultMap="BaseResultMap">
        select b.id, b.actualRate, b.availableAmount, b.bidRequest_id,
        b.bidTime, b.bidRequestTitle, b.bidRequestState,
        bu.id as bu_id ,bu.username as  bu_username
        from `bid` b JOIN logininfo bu ON b.bidUser_id = bu.id
        where b.id = #{id}
  </select>
    <select id="selectByBidRequestId" resultMap="BaseResultMap">
        select b.id, b.actualRate, b.availableAmount, b.bidRequest_id,
        b.bidTime, b.bidRequestTitle, b.bidRequestState,
        bu.id as bu_id ,bu.username as  bu_username
        from `bid` b JOIN logininfo bu ON b.bidUser_id = bu.id
        where b.bidRequest_id = #{id}
  </select>
</mapper>