<?xml version="1.0" encoding="UTF-8" ?>
<!DOCTYPE mapper PUBLIC "-//mybatis.org//DTD Mapper 3.0//EN" "http://mybatis.org/dtd/mybatis-3-mapper.dtd" >
<mapper namespace="com.xmg.p2p.business.mapper.BidRequestMapper">
    <resultMap id="BaseResultMap" type="BidRequest">
        <id column="id" property="id" jdbcType="BIGINT"/>
        <result column="version" property="version" jdbcType="INTEGER"/>
        <result column="bidRequestType" property="bidRequestType" jdbcType="TINYINT"/>
        <result column="bidRequestState" property="bidRequestState" jdbcType="TINYINT"/>
        <result column="bidRequestAmount" property="bidRequestAmount" jdbcType="DECIMAL"/>
        <result column="currentRate" property="currentRate" jdbcType="DECIMAL"/>
        <result column="monthes2Return" property="monthes2Return" jdbcType="TINYINT"/>
        <result column="bidCount" property="bidCount" jdbcType="INTEGER"/>
        <result column="totalRewardAmount" property="totalRewardAmount" jdbcType="DECIMAL"/>
        <result column="currentSum" property="currentSum" jdbcType="DECIMAL"/>
        <result column="title" property="title" jdbcType="VARCHAR"/>
        <result column="description" property="description" jdbcType="VARCHAR"/>
        <result column="note" property="note" jdbcType="VARCHAR"/>
        <result column="disableDate" property="disableDate" jdbcType="TIMESTAMP"/>
        <result column="disableDays" property="disableDays" jdbcType="TINYINT"/>
        <result column="minBidAmount" property="minBidAmount" jdbcType="DECIMAL"/>
        <result column="applyTime" property="applyTime" jdbcType="TIMESTAMP"/>
        <result column="publishTime" property="publishTime" jdbcType="TIMESTAMP"/>
        <result column="returnType" property="returnType" jdbcType="TINYINT"/>

        <association property="createUser" javaType="Logininfo" columnPrefix="cu_">
            <id property="id" column="id"/>
            <result property="username" column="username"/>
        </association>
        <collection property="bids" ofType="Bid" column="id"
                    select="com.xmg.p2p.business.mapper.BidMapper.selectByBidRequestId"/>
    </resultMap>
    <insert id="insert" useGeneratedKeys="true" keyProperty="id">
        insert into `bidrequest` (version, bidRequestType, bidRequestState,
        bidRequestAmount, currentRate, monthes2Return,
        bidCount, totalRewardAmount, currentSum,
        title, description, note,
        disableDate, createuser_id, disableDays,
        minBidAmount, applyTime, publishTime,
        returnType)
        values (0, #{bidRequestType,jdbcType=TINYINT}, #{bidRequestState,jdbcType=TINYINT},
        #{bidRequestAmount,jdbcType=DECIMAL}, #{currentRate,jdbcType=DECIMAL}, #{monthes2Return,jdbcType=TINYINT},
        #{bidCount,jdbcType=INTEGER}, #{totalRewardAmount,jdbcType=DECIMAL}, #{currentSum,jdbcType=DECIMAL},
        #{title,jdbcType=VARCHAR}, #{description,jdbcType=VARCHAR}, #{note,jdbcType=VARCHAR},
        #{disableDate,jdbcType=TIMESTAMP}, #{createUser.id,jdbcType=BIGINT}, #{disableDays,jdbcType=TINYINT},
        #{minBidAmount,jdbcType=DECIMAL}, #{applyTime,jdbcType=TIMESTAMP}, #{publishTime,jdbcType=TIMESTAMP},
        #{returnType,jdbcType=TINYINT})
    </insert>
    <update id="updateByPrimaryKey">
        update `bidrequest`
        set version = version + 1,
        bidRequestType = #{bidRequestType,jdbcType=TINYINT},
        bidRequestState = #{bidRequestState,jdbcType=TINYINT},
        bidRequestAmount = #{bidRequestAmount,jdbcType=DECIMAL},
        currentRate = #{currentRate,jdbcType=DECIMAL},
        monthes2Return = #{monthes2Return,jdbcType=TINYINT},
        bidCount = #{bidCount,jdbcType=INTEGER},
        totalRewardAmount = #{totalRewardAmount,jdbcType=DECIMAL},
        currentSum = #{currentSum,jdbcType=DECIMAL},
        title = #{title,jdbcType=VARCHAR},
        description = #{description,jdbcType=VARCHAR},
        note = #{note,jdbcType=VARCHAR},
        disableDate = #{disableDate,jdbcType=TIMESTAMP},
        createuser_id = #{createUser.id,jdbcType=BIGINT},
        disableDays = #{disableDays,jdbcType=TINYINT},
        minBidAmount = #{minBidAmount,jdbcType=DECIMAL},
        applyTime = #{applyTime,jdbcType=TIMESTAMP},
        publishTime = #{publishTime,jdbcType=TIMESTAMP},
        returnType = #{returnType,jdbcType=TINYINT}
        where id = #{id} AND version = #{version}
    </update>

    <sql id="base_column">
        br.id, br.version, br.bidRequestType, br.bidRequestState, br.bidRequestAmount, br.currentRate,
        br.monthes2Return, br.bidCount, br.totalRewardAmount, br.currentSum, br.title, br.description, br.note,
        br.disableDate, br.disableDays, br.minBidAmount, br.applyTime, br.publishTime, br.returnType,
        cu.id as cu_id ,cu.username as cu_username
    </sql>
    <sql id="base_where">
        <where>
            <if test="state>=0">
                AND br.state= #{state}
            </if>
            <if test="beginDate!=null">
                AND br.applyTime >= #{beginDate}
            </if>
            <if test="endDate!=null">
                AND br.applyTime &lt;= #{endDate}
            </if>

            <if test="bidRequestState>=0">
              AND  br.bidRequestState = #{bidRequestState}
            </if>

            <if test="states!=null">
               AND  br.bidRequestState IN
                <foreach collection="states" open="(" close=")" separator="," item="st">
                        #{st}
                </foreach>
            </if>
        </where>
    </sql>

    <sql id="base_table">
        `bidrequest` br JOIN logininfo cu ON br.createuser_id = cu.id
    </sql>

    <select id="selectByPrimaryKey" resultMap="BaseResultMap">
        select
        <include refid="base_column"/>
        from
        <include refid="base_table"/>
        where br.id = #{id}
    </select>

    <select id="query" resultMap="BaseResultMap">
        select
        <include refid="base_column"/>
        from
        <include refid="base_table"/>
        <include refid="base_where"/>
        <if test="orderBy!=null">
            order by ${orderBy}
        </if>
        limit #{start},#{pageSize}
    </select>

    <select id="queryForCount" resultType="int">
        select count(br.id)
        from  <include refid="base_table"/>
        <include refid="base_where"/>
    </select>
</mapper>