<?xml version="1.0" encoding="UTF-8" ?>
<!DOCTYPE mapper PUBLIC "-//mybatis.org//DTD Mapper 3.0//EN" "http://mybatis.org/dtd/mybatis-3-mapper.dtd" >
<mapper namespace="com.xmg.p2p.business.mapper.SystemAccountFlowMapper" >

  <resultMap id="BaseResultMap" type="SystemAccountFlow" >
    <id column="id" property="id" jdbcType="BIGINT" />
    <result column="createdDate" property="createdDate" jdbcType="TIMESTAMP" />
    <result column="accountActionType" property="accountActionType" jdbcType="TINYINT" />
    <result column="amount" property="amount" jdbcType="DECIMAL" />
    <result column="note" property="note" jdbcType="VARCHAR" />
    <result column="balance" property="balance" jdbcType="DECIMAL" />
    <result column="freezedAmount" property="freezedAmount" jdbcType="DECIMAL" />
    <result column="systemAccount_id" property="systemAccountId" jdbcType="BIGINT" />
  </resultMap>
  
  <insert id="insert" useGeneratedKeys="true" keyProperty="id" >
    insert into `systemaccountflow` (createdDate, accountActionType, amount, note, balance, 
      freezedAmount, systemAccount_id)
    values (#{createdDate,jdbcType=TIMESTAMP}, #{accountActionType,jdbcType=TINYINT}, 
      #{amount,jdbcType=DECIMAL}, #{note,jdbcType=VARCHAR}, #{balance,jdbcType=DECIMAL}, 
      #{freezedAmount,jdbcType=DECIMAL}, #{systemAccountId,jdbcType=BIGINT})
  </insert>
  
  <select id="selectByPrimaryKey" resultMap="BaseResultMap">
    select id, createdDate, accountActionType, amount, note, balance, freezedAmount, 
    systemAccount_id
    from `systemaccountflow`
    where id = #{id,jdbcType=BIGINT}
  </select>
 
</mapper>