<?xml version="1.0" encoding="UTF-8"?>
<beans xmlns="http://www.springframework.org/schema/beans"
       xmlns:xsi="http://www.w3.org/2001/XMLSchema-instance"
       xmlns:context="http://www.springframework.org/schema/context"
       xmlns:aop="http://www.springframework.org/schema/aop"
       xmlns:tx="http://www.springframework.org/schema/tx"
       xsi:schemaLocation="
			http://www.springframework.org/schema/beans http://www.springframework.org/schema/beans/spring-beans.xsd
			http://www.springframework.org/schema/context http://www.springframework.org/schema/context/spring-context.xsd
			http://www.springframework.org/schema/aop http://www.springframework.org/schema/aop/spring-aop.xsd
			http://www.springframework.org/schema/tx http://www.springframework.org/schema/tx/spring-tx.xsd">

    <!-- 在web环境下,一定要手动配置 -->
    <context:annotation-config/>
    <context:component-scan base-package="com.xmg.p2p"/>

    <context:property-placeholder location="classpath:db.properties"/>

    <bean id="dataSource" class="com.alibaba.druid.pool.DruidDataSource" init-method="init" destroy-method="close">
        <property name="driverClassName" value="${db.driver}"/>
        <property name="url" value="${db.url}"/>
        <property name="username" value="${db.username}"/>
        <property name="password" value="${db.password}"/>
    </bean>

    <bean id="sqlSessionFactory" class="org.mybatis.spring.SqlSessionFactoryBean">
        <property name="dataSource" ref="dataSource"/>
        <property name="configLocation" value="classpath:myBatis-config.xml"/>
        <property name="typeAliasesPackage" value="com.xmg.p2p"/>
        <property name="mapperLocations" value="classpath:com/xmg/p2p/*/mapper/*Mapper.xml"/>
    </bean>

    <bean id="transactionManager" class="org.springframework.jdbc.datasource.DataSourceTransactionManager">
        <property name="dataSource" ref="dataSource"/>
    </bean>

    <tx:advice id="advice" transaction-manager="transactionManager">
        <tx:attributes>
            <tx:method name="list*" read-only="true"/>
            <tx:method name="get*" read-only="true"/>
            <tx:method name="query*" read-only="true"/>
            <tx:method name="*"/>
        </tx:attributes>
    </tx:advice>

    <aop:config>
        <aop:pointcut expression="execution(* com.xmg.p2p..service.*Service.*(..))" id="pointCut"/>
        <aop:advisor advice-ref="advice" pointcut-ref="pointCut"/>
    </aop:config>

    <bean class="org.mybatis.spring.mapper.MapperScannerConfigurer">
        <property name="basePackage" value="com.xmg.p2p.base.mapper,com.xmg.p2p.business.mapper"/>
    </bean>
</beans>
